{
  "epochs": [
    1,
    2,
    3,
    4,
    5,
    6,
    7,
    8
  ],
  "train_loss": [
    2.524460760763471,
    2.385221514249342,
    2.3959753716380603,
    2.037976816721499,
    2.1132032667957468,
    2.0439086020137323,
    1.9174181758854825,
    1.6387154770561114
  ],
  "val_loss": [
    2.391646827135611,
    2.2755677695185947,
    2.018730442904635,
    1.9562659629630228,
    2.0639288083016893,
    1.7685125182792643,
    1.8316614048617048,
    1.7016165484023118
  ],
  "train_acc": [
    0.2974083728762296,
    0.36158294872096947,
    0.39914414486163047,
    0.4456184953438004,
    0.5031926243159228,
    0.551325979242813,
    0.614855330711145,
    0.6573392098059764
  ],
  "val_acc": [
    0.35882899341497726,
    0.40659442695718434,
    0.4390233042185481,
    0.4856276978440516,
    0.5359499991704155,
    0.5708881051462784,
    0.6110141584324111,
    0.6611193172597771
  ]
}