{
  "epochs": [
    1,
    2,
    3,
    4,
    5
  ],
  "train_loss": [
    2.4918280395373653,
    2.4030098462268734,
    2.165591392441081,
    2.163482444180965,
    2.1417457755498424
  ],
  "val_loss": [
    2.1562526888056666,
    2.293044891926211,
    2.11633882202584,
    1.9651101555101738,
    2.0045348487470567
  ],
  "train_acc": [
    0.2910011727347648,
    0.33347755330517664,
    0.38106143878735454,
    0.45357062735503634,
    0.4936100206607197
  ],
  "val_acc": [
    0.34169632214446466,
    0.39265765459055807,
    0.4309651295205994,
    0.4942829137003348,
    0.5196643849943535
  ]
}