{
  "epochs": [
    1,
    2
  ],
  "train_loss": [
    2.4918280395373653,
    2.4030098462268734
  ],
  "val_loss": [
    2.1562526888056666,
    2.293044891926211
  ],
  "train_acc": [
    0.2910011727347648,
    0.33347755330517664
  ],
  "val_acc": [
    0.34169632214446466,
    0.39265765459055807
  ]
}