{
  "epochs": [
    1,
    2,
    3
  ],
  "train_loss": [
    2.4918280395373653,
    2.4030098462268734,
    2.165591392441081
  ],
  "val_loss": [
    2.1562526888056666,
    2.293044891926211,
    2.11633882202584
  ],
  "train_acc": [
    0.2910011727347648,
    0.33347755330517664,
    0.38106143878735454
  ],
  "val_acc": [
    0.34169632214446466,
    0.39265765459055807,
    0.4309651295205994
  ]
}