{
  "epochs": [
    1,
    2,
    3,
    4,
    5,
    6,
    7,
    8,
    9,
    10,
    11,
    12
  ],
  "train_loss": [
    2.3157090796552833,
    2.2114460998306966,
    2.2011649971327825,
    2.026284049925127,
    2.1716195956853497,
    2.073345164427096,
    1.8030386474467892,
    1.8428015573931413,
    1.7054511655983018,
    1.6005410665709443,
    1.5460570553301494,
    1.3173579921213907
  ],
  "val_loss": [
    2.171796669380658,
    2.2040505100084813,
    2.0734490986572385,
    2.059399866121997,
    1.8531911403446235,
    1.8933520214202317,
    1.870374147823008,
    1.6688157880539969,
    1.6695883160763745,
    1.5236304079556207,
    1.5784114779660572,
    1.2883226945309216
  ],
  "train_acc": [
    0.29628967054681593,
    0.34328790794038716,
    0.3898065341007045,
    0.4327950784583673,
    0.48568700257726005,
    0.5406128682104626,
    0.5882744988266445,
    0.645929526058716,
    0.7066663052429272,
    0.731273652269644,
    0.8063229662960432,
    0.8482706828080583
  ],
  "val_acc": [
    0.3382310070481532,
    0.405562598567881,
    0.4250501166073766,
    0.4794637692120759,
    0.538702155330764,
    0.585135129325854,
    0.6232670757857166,
    0.6730783726974178,
    0.721702957116107,
    0.7626251951557661,
    0.7901038066301271,
    0.8471950554353159
  ]
}