{
  "epochs": [
    1,
    2,
    3,
    4,
    5,
    6,
    7,
    8,
    9,
    10,
    11,
    12,
    13,
    14,
    15,
    16,
    17
  ],
  "train_loss": [
    2.4435989589395883,
    2.2924920564485576,
    2.1921022026957298,
    2.137727051133316,
    2.1163697609752483,
    1.934915223170035,
    1.8040997859172463,
    1.8019579665556544,
    1.6570167728722576,
    1.5118703638059767,
    1.3948876474925676,
    1.3178801557901936,
    1.1483115363830503,
    1.1222305688927077,
    1.1701257031319134,
    1.084551185603482,
    0.9443636572390048
  ],
  "val_loss": [
    2.309525230593524,
    2.2004598938752475,
    2.0807766421198672,
    1.9623085470459432,
    1.850809353965676,
    1.8025649496152238,
    1.8215821909553591,
    1.7556455192934683,
    1.5819636711785052,
    1.4641345634288903,
    1.5964171911682075,
    1.4364751732849261,
    1.2010201420111875,
    1.1160559039363873,
    1.24093803670258,
    1.1458652870228065,
    1.064162528947566
  ],
  "train_acc": [
    0.299633902947227,
    0.35425728807869267,
    0.38775608040866394,
    0.4505768116534705,
    0.503711138612741,
    0.5474267334421405,
    0.5986100637408093,
    0.6489780208101699,
    0.7175507942769053,
    0.749497641570161,
    0.8059783821284079,
    0.8492015936872371,
    0.9009842296222985,
    0.950698727892373,
    0.99,
    0.99,
    0.99
  ],
  "val_acc": [
    0.34672610540680926,
    0.40167213334986684,
    0.4416173860729475,
    0.47521489579011195,
    0.5435383334418513,
    0.5873710872018952,
    0.6228021219791071,
    0.6762632449607309,
    0.697995837869611,
    0.7629861294010867,
    0.810866253797347,
    0.8458333789257855,
    0.8976731289261214,
    0.9329053342046025,
    0.9895030634007962,
    0.99,
    0.99
  ]
}